{
    "GB_14DaysofFortnite": "14 Days Of Fortnite",
    "GB_14DaysofFortniteBundle": "14 Days Of Fortnite (Challenge Bundle)",
    "GB_AccountMerge": "Account Merge",
    "GB_AccountMergeVBucks": "Account Merge (V-Bucks Migration)",
    "GB_AnnualPassPurchased": "Annual Pass Purchase",
    "GB_Cyclone": "Astronomical",
    "GB_BanAssist": "Ban Assist (StW)",
    "GB_BanAssist_Athena": "Ban Assist",
    "GB_BattlePass": "Battle Pass Level Up",
    "GB_BattlePassPrestige": "Battle Pass Level Up (Prestige)",
    "GB_BattlePassEvent": "Battle Pass S5 China",
    "GB_BattlePassPromise": "Battle Pass Promise",
    "GB_BattlePassPurchased": "Battle Pass Purchase",
    "GB_BirthdayChallengeComplete": "Fortnite 1st Birthday",
    "GB_BR_BBRMTOffer": "Battle Breakers",
    "GB_ChallengeComplete": "Challenge Complete",
    "GB_GrantChallenge": "Challenge Grant",
    "GB_CN_FriendInviteEvent": "China Inviting Friends",
    "GB_CN_PreRegEvent": "China Pre-Registration",
    "GB_BattlePassComp": "China Support",
    "GB_AffiliateReward": "Cuddle Hearts Wrap",
    "GB_DeepFreeze": "Deep Freeze Bundle",
    "GB_SeasonFirstWin": "First Victory Royale",
    "GB_FortbyteChallenges": "Fortbyte",
    "GB_FortnitemaresChallenges": "Fortnitemares",
    "GB_FoundersRewards": "Founder's Rewards (StW)",
    "GB_HPQ": "Fryangles Wrap",
    "GB_NewGiftBox": "Giftchest",
    "GB_GiftWrap1": "Giftwrap 1",
    "GB_GiftWrap2": "Giftwrap 2",
    "GB_GiftWrap3": "Giftwrap 3",
    "GB_GiftWrap4": "Giftwrap 4",
    "GB_HonorPromo": "Honor Promo",
    "GB_RMTOffer": "Item Shop Purchase",
	"gb_ungiftbox": "Item Removal",
    "GB_PCB_Bundle1_ChallengeGranted": "Keyboard King Challenges",
    "GB_PCB_StarterPack_Bundle1_Granted": "Keyboard King Rewards",
    "GB_Fashow": "Lachlan's Fashion Show",
    "GB_ReachedSeasonLevel100": "Level 100",
    "GB_MakeGood": "Make Good",
    "GB_MakeGoodAthena": "Make Good (BR)",
    "GB_MakeGoodStW": "Make Good (StW)",
    "GB_PaperDoll": "Maya",
    "GB_MES_Grant": "Middle East Servers",
    "GB_MfaReward": "MFA Reward",
    "GB_Overtime": "Overtime",
    "GB_Papaya": "Party Royale",
    "gb_restoration": "Restoration",
    "GB_SamsungPromo": "Samsung Promo",
    "GB_Ch1Rem": "Season 11 Start",
    "GB_S12End": "Season 12 End",
    "GB_SkullTrooperStyleChallenge": "Skull Trooper Challenges",
	"GB_StwRMTOffer": "StW Item Purchase",
    "GB_TomatoHeadStyleChallenge": "Tomatohead Challenges",
    "GB_Tournament": "Tournament",
    "GB_TournamentReward": "Tournament Item Reward",
    "GB_TournamentRoundUnlocked": "Tournament Round Unlock",
    "GB_Twitch": "Twitch Prime",
    "GB_TwitchPromo": "Twitch Channel Promo",
    "GB_WinterFestChallenge": "Winterfest Challenge",
    "GB_WinterFestReward": "Winterfest Reward",
    "GB_WC2019": "World Cup 2019",
    "GB_YoutubePromo": "YouTube Channel Promo"
}